<application>
  <component name="FindSettings">
    <option name="caseSensitive" value="true" />
    <option name="customScope" value="All Places" />
    <option name="defaultScopeName" value="All Places" />
    <option name="CASE_SENSITIVE_SEARCH" value="true" />
    <option name="SEARCH_SCOPE" value="All Places" />
    <option name="FILE_MASK" value="*.ts*" />
    <mask>*.css</mask>
    <mask>*.html</mask>
    <mask>*.xml</mask>
    <mask>*.jsp</mask>
    <mask>*.properties</mask>
    <mask>*.java</mask>
    <mask>*test.ts</mask>
    <mask>*test.ts*</mask>
    <mask>*.yml</mask>
    <mask>*</mask>
    <mask>*ts*</mask>
    <mask>*Test*</mask>
    <mask>Test.ts*</mask>
    <mask>*Test.ts*</mask>
    <mask>*Test*.ts*</mask>
    <mask>*.tsx</mask>
    <mask>*.ts</mask>
    <mask>*.js*</mask>
    <mask>*.ts*</mask>
  </component>
</application>