<toolSet name="External Tools">
  <tool name="(bbf) brazil-build format-fix" description="Run bb format-fix" showInMainMenu="false" showInEditor="false" showInProject="false" showInSearchPopup="false" disabled="false" useConsole="true" showConsoleOnStdOut="false" showConsoleOnStdErr="true" synchronizeAfterRun="true">
    <exec>
      <option name="COMMAND" value="$USER_HOME$/.toolbox/bin/brazil-build" />
      <option name="PARAMETERS" value="format-fix" />
      <option name="WORKING_DIRECTORY" value="$ContentRoot$" />
    </exec>
  </tool>
  <tool name="(bbl) brazil-build lint-fix" description="Run bb lint-fix" showInMainMenu="false" showInEditor="false" showInProject="false" showInSearchPopup="false" disabled="false" useConsole="true" showConsoleOnStdOut="false" showConsoleOnStdErr="true" synchronizeAfterRun="true">
    <exec>
      <option name="COMMAND" value="$USER_HOME$/.toolbox/bin/brazil-build" />
      <option name="PARAMETERS" value="lint" />
      <option name="WORKING_DIRECTORY" value="$ContentRoot$" />
    </exec>
  </tool>
  <tool name="(brc) brazil-recursive-command" description="Run brazil-recursive-command in workspace" showInMainMenu="false" showInEditor="false" showInProject="false" showInSearchPopup="false" disabled="false" useConsole="true" showConsoleOnStdOut="false" showConsoleOnStdErr="true" synchronizeAfterRun="true">
    <exec>
      <option name="COMMAND" value="$USER_HOME$/.toolbox/bin/brazil-recursive-cmd" />
      <option name="PARAMETERS" value="--allPackages &quot;brazil-build clean &amp;&amp; brazil-build release&quot;" />
      <option name="WORKING_DIRECTORY" value="$ProjectFileDir$" />
    </exec>
  </tool>
  <tool name="(bbr) brazil-build release" description="Run bb release" showInMainMenu="false" showInEditor="false" showInProject="false" showInSearchPopup="false" disabled="false" useConsole="true" showConsoleOnStdOut="false" showConsoleOnStdErr="true" synchronizeAfterRun="true">
    <exec>
      <option name="COMMAND" value="$USER_HOME$/.toolbox/bin/brazil-build" />
      <option name="PARAMETERS" value="release" />
      <option name="WORKING_DIRECTORY" value="$ContentRoot$" />
    </exec>
  </tool>
  <tool name="(bbc) brazil-build clean" description="Run bb clean" showInMainMenu="false" showInEditor="false" showInProject="false" showInSearchPopup="false" disabled="false" useConsole="true" showConsoleOnStdOut="false" showConsoleOnStdErr="true" synchronizeAfterRun="true">
    <exec>
      <option name="COMMAND" value="$USER_HOME$/.toolbox/bin/brazil-build" />
      <option name="PARAMETERS" value="clean" />
      <option name="WORKING_DIRECTORY" value="$ContentRoot$" />
    </exec>
  </tool>
</toolSet>